,prune_name,rgft_name,time,ll,orig_ds_ll
"0,0",N1,Sp019,0.095,-4099.537881,-4099.53403
"0,1",N1,Sp001,0.133,-4099.537890,-4099.53403
"1,0",Sp019,N1,0.093,-4099.538050,-4099.53403
"1,1",Sp019,Sp001,0.097,-4099.537884,-4099.53403
"1,2",Sp019,N4,no ll opt_no time,,-4099.53403
"1,3",Sp019,Sp000,no ll opt_no time,,-4099.53403
"1,4",Sp019,N6,no ll opt_no time,,-4099.53403
"1,5",Sp019,N7,no ll opt_no time,,-4099.53403
"1,6",Sp019,N8,no ll opt_no time,,-4099.53403
"1,7",Sp019,N9,no ll opt_no time,,-4099.53403
"1,8",Sp019,N10,no ll opt_no time,,-4099.53403
"1,9",Sp019,N11,no ll opt_no time,,-4099.53403
"1,10",Sp019,N12,no ll opt_no time,,-4099.53403
"1,11",Sp019,Sp013,no ll opt_no time,,-4099.53403
"1,12",Sp019,Sp018,no ll opt_no time,,-4099.53403
"1,13",Sp019,N15,no ll opt_no time,,-4099.53403
"1,14",Sp019,N16,no ll opt_no time,,-4099.53403
"1,15",Sp019,Sp004,no ll opt_no time,,-4099.53403
"1,16",Sp019,Sp010,no ll opt_no time,,-4099.53403
"1,17",Sp019,Sp003,no ll opt_no time,,-4099.53403
"1,18",Sp019,N20,no ll opt_no time,,-4099.53403
"1,19",Sp019,Sp015,no ll opt_no time,,-4099.53403
"1,20",Sp019,N22,no ll opt_no time,,-4099.53403
"1,21",Sp019,Sp008,no ll opt_no time,,-4099.53403
"1,22",Sp019,N24,no ll opt_no time,,-4099.53403
"1,23",Sp019,Sp007,no ll opt_no time,,-4099.53403
"1,24",Sp019,N26,no ll opt_no time,,-4099.53403
"1,25",Sp019,N27,no ll opt_no time,,-4099.53403
"1,26",Sp019,N28,no ll opt_no time,,-4099.53403
"1,27",Sp019,Sp002,no ll opt_no time,,-4099.53403
"1,28",Sp019,Sp016,no ll opt_no time,,-4099.53403
"1,29",Sp019,Sp012,no ll opt_no time,,-4099.53403
"1,30",Sp019,Sp009,no ll opt_no time,,-4099.53403
"1,31",Sp019,Sp005,no ll opt_no time,,-4099.53403
"1,32",Sp019,Sp014,no ll opt_no time,,-4099.53403
"1,33",Sp019,Sp011,no ll opt_no time,,-4099.53403
"1,34",Sp019,Sp017,no ll opt_no time,,-4099.53403
"1,35",Sp019,Sp006,no ll opt_no time,,-4099.53403
"2,0",Sp001,N1,0.124,-4099.537971,-4099.53403
"2,1",Sp001,Sp019,0.123,-4099.537886,-4099.53403
"2,2",Sp001,N4,no ll opt_no time,,-4099.53403
"2,3",Sp001,Sp000,no ll opt_no time,,-4099.53403
"2,4",Sp001,N6,no ll opt_no time,,-4099.53403
"2,5",Sp001,N7,no ll opt_no time,,-4099.53403
"2,6",Sp001,N8,no ll opt_no time,,-4099.53403
"2,7",Sp001,N9,no ll opt_no time,,-4099.53403
"2,8",Sp001,N10,no ll opt_no time,,-4099.53403
"2,9",Sp001,N11,no ll opt_no time,,-4099.53403
"2,10",Sp001,N12,no ll opt_no time,,-4099.53403
"2,11",Sp001,Sp013,no ll opt_no time,,-4099.53403
"2,12",Sp001,Sp018,no ll opt_no time,,-4099.53403
"2,13",Sp001,N15,no ll opt_no time,,-4099.53403
"2,14",Sp001,N16,no ll opt_no time,,-4099.53403
"2,15",Sp001,Sp004,no ll opt_no time,,-4099.53403
"2,16",Sp001,Sp010,no ll opt_no time,,-4099.53403
"2,17",Sp001,Sp003,no ll opt_no time,,-4099.53403
"2,18",Sp001,N20,no ll opt_no time,,-4099.53403
"2,19",Sp001,Sp015,no ll opt_no time,,-4099.53403
"2,20",Sp001,N22,no ll opt_no time,,-4099.53403
"2,21",Sp001,Sp008,no ll opt_no time,,-4099.53403
"2,22",Sp001,N24,no ll opt_no time,,-4099.53403
"2,23",Sp001,Sp007,no ll opt_no time,,-4099.53403
"2,24",Sp001,N26,no ll opt_no time,,-4099.53403
"2,25",Sp001,N27,no ll opt_no time,,-4099.53403
"2,26",Sp001,N28,no ll opt_no time,,-4099.53403
"2,27",Sp001,Sp002,no ll opt_no time,,-4099.53403
"2,28",Sp001,Sp016,no ll opt_no time,,-4099.53403
"2,29",Sp001,Sp012,no ll opt_no time,,-4099.53403
"2,30",Sp001,Sp009,no ll opt_no time,,-4099.53403
"2,31",Sp001,Sp005,no ll opt_no time,,-4099.53403
"2,32",Sp001,Sp014,no ll opt_no time,,-4099.53403
"2,33",Sp001,Sp011,no ll opt_no time,,-4099.53403
"2,34",Sp001,Sp017,no ll opt_no time,,-4099.53403
"2,35",Sp001,Sp006,no ll opt_no time,,-4099.53403
"3,0",N4,Sp019,0.122,-4105.938552,-4099.53403
"3,1",N4,Sp001,0.125,-4100.477080,-4099.53403
"3,2",N4,Sp000,0.127,-4099.537884,-4099.53403
"4,0",Sp000,Sp019,0.123,-4100.481421,-4099.53403
"4,1",Sp000,Sp001,0.125,-4105.940633,-4099.53403
"4,2",Sp000,N4,0.124,-4099.537880,-4099.53403
"4,3",Sp000,N6,0.127,-4163.958502,-4099.53403
"4,4",Sp000,N7,0.124,-4163.958477,-4099.53403
"4,5",Sp000,N8,0.125,-4175.389981,-4099.53403
"4,6",Sp000,N9,0.126,-4175.391276,-4099.53403
"4,7",Sp000,N10,0.123,-4175.462177,-4099.53403
"4,8",Sp000,N11,0.125,-4175.077623,-4099.53403
"4,9",Sp000,N12,0.119,-4182.241575,-4099.53403
"4,10",Sp000,Sp013,0.119,-4182.372930,-4099.53403
"4,11",Sp000,Sp018,0.122,-4177.541840,-4099.53403
"4,12",Sp000,N15,0.122,-4176.321393,-4099.53403
"4,13",Sp000,N16,0.124,-4181.851220,-4099.53403
"4,14",Sp000,Sp004,0.122,-4182.891734,-4099.53403
"4,15",Sp000,Sp010,0.127,-4184.179881,-4099.53403
"4,16",Sp000,Sp003,0.120,-4183.615402,-4099.53403
"4,17",Sp000,N20,0.125,-4181.483770,-4099.53403
"4,18",Sp000,Sp015,0.126,-4182.653549,-4099.53403
"4,19",Sp000,N22,0.126,-4176.321382,-4099.53403
"4,20",Sp000,Sp008,0.129,-4176.321497,-4099.53403
"4,21",Sp000,N24,0.124,-4188.538165,-4099.53403
"4,22",Sp000,Sp007,0.126,-4188.544104,-4099.53403
"4,23",Sp000,N26,0.126,-4179.430611,-4099.53403
"4,24",Sp000,N27,0.122,-4181.486757,-4099.53403
"4,25",Sp000,N28,0.121,-4177.561137,-4099.53403
"4,26",Sp000,Sp002,0.123,-4177.626783,-4099.53403
"4,27",Sp000,Sp016,0.122,-4193.788906,-4099.53403
"4,28",Sp000,Sp012,0.123,-4193.592077,-4099.53403
"4,29",Sp000,Sp009,0.127,-4179.556234,-4099.53403
"4,30",Sp000,Sp005,0.124,-4179.556234,-4099.53403
"4,31",Sp000,Sp014,0.121,-4181.486839,-4099.53403
"4,32",Sp000,Sp011,0.125,-4181.369460,-4099.53403
"4,33",Sp000,Sp017,0.126,-4180.085331,-4099.53403
"4,34",Sp000,Sp006,0.123,-4180.085111,-4099.53403
"5,0",N6,N1,0.125,-4163.959882,-4099.53403
"5,1",N6,Sp019,0.104,-4310.309228,-4099.53403
"5,2",N6,Sp001,0.103,-4310.309044,-4099.53403
"5,3",N6,Sp000,0.094,-4163.958900,-4099.53403
"5,4",N6,N7,0.101,-4099.537926,-4099.53403
"5,5",N6,N10,0.096,-4108.726091,-4099.53403
"5,6",N6,N11,0.092,-4107.340966,-4099.53403
"5,7",N6,N16,0.092,-4123.754720,-4099.53403
"5,8",N6,Sp004,0.099,-4123.785803,-4099.53403
"5,9",N6,Sp010,0.095,-4157.268761,-4099.53403
"5,10",N6,Sp003,0.097,-4156.570279,-4099.53403
"5,11",N6,N24,0.097,-4188.623648,-4099.53403
"5,12",N6,Sp007,0.094,-4188.623195,-4099.53403
"5,13",N6,Sp016,0.092,-4209.046811,-4099.53403
"5,14",N6,Sp012,0.093,-4209.046686,-4099.53403
"6,0",N7,N1,0.091,-4163.959510,-4099.53403
"6,1",N7,Sp019,0.103,-4310.309115,-4099.53403
"6,2",N7,Sp001,0.101,-4310.308928,-4099.53403
"6,3",N7,Sp000,0.101,-4163.958798,-4099.53403
"6,4",N7,N6,0.098,-4099.537895,-4099.53403
"6,5",N7,N8,0.098,-4106.634908,-4099.53403
"6,6",N7,N9,0.097,-4106.634830,-4099.53403
"6,7",N7,N12,0.094,-4129.541271,-4099.53403
"6,8",N7,Sp013,0.093,-4130.149809,-4099.53403
"6,9",N7,Sp018,0.094,-4115.410151,-4099.53403
"6,10",N7,N15,0.090,-4115.416289,-4099.53403
"6,11",N7,N20,0.093,-4131.505433,-4099.53403
"6,12",N7,Sp015,0.096,-4133.805296,-4099.53403
"6,13",N7,N22,0.097,-4123.964023,-4099.53403
"6,14",N7,Sp008,0.096,-4122.466357,-4099.53403
"6,15",N7,N26,0.097,-4132.122325,-4099.53403
"6,16",N7,N27,0.096,-4132.122181,-4099.53403
"6,17",N7,N28,0.101,-4130.381519,-4099.53403
"6,18",N7,Sp002,0.098,-4130.381765,-4099.53403
"6,19",N7,Sp009,0.100,-4147.873623,-4099.53403
"6,20",N7,Sp005,0.098,-4147.873623,-4099.53403
"6,21",N7,Sp014,0.096,-4132.122279,-4099.53403
"6,22",N7,Sp011,0.098,-4132.121910,-4099.53403
"6,23",N7,Sp017,0.095,-4137.702930,-4099.53403
"6,24",N7,Sp006,0.097,-4134.109149,-4099.53403
"7,0",N8,N1,0.101,-4179.966065,-4099.53403
"7,1",N8,Sp019,0.104,-4343.042287,-4099.53403
"7,2",N8,Sp001,0.095,-4343.125024,-4099.53403
"7,3",N8,N4,0.098,-4106.636518,-4099.53403
"7,4",N8,Sp000,0.101,-4180.022196,-4099.53403
"7,5",N8,N7,0.091,-4106.635067,-4099.53403
"7,6",N8,N9,0.094,-4099.537891,-4099.53403
"7,7",N8,N10,0.096,-4170.735468,-4099.53403
"7,8",N8,N11,0.102,-4170.735982,-4099.53403
"7,9",N8,Sp018,0.094,-4106.680772,-4099.53403
"7,10",N8,N15,0.100,-4106.679868,-4099.53403
"7,11",N8,N16,0.093,-4216.143909,-4099.53403
"7,12",N8,Sp004,0.096,-4216.145208,-4099.53403
"7,13",N8,Sp010,0.098,-4277.061216,-4099.53403
"7,14",N8,Sp003,0.097,-4277.060995,-4099.53403
"7,15",N8,N22,0.096,-4116.454090,-4099.53403
"7,16",N8,Sp008,0.101,-4116.293149,-4099.53403
"7,17",N8,N24,0.097,-4300.685335,-4099.53403
"7,18",N8,Sp007,0.099,-4300.684961,-4099.53403
"7,19",N8,N28,0.094,-4123.396162,-4099.53403
"7,20",N8,Sp002,0.094,-4123.396166,-4099.53403
"7,21",N8,Sp016,0.097,-4321.577539,-4099.53403
"7,22",N8,Sp012,0.099,-4321.577345,-4099.53403
"7,23",N8,Sp017,0.095,-4135.759630,-4099.53403
"7,24",N8,Sp006,0.093,-4135.759616,-4099.53403
"8,0",N9,N1,0.100,-4180.021678,-4099.53403
"8,1",N9,Sp019,0.100,-4343.927571,-4099.53403
"8,2",N9,Sp001,0.098,-4343.928056,-4099.53403
"8,3",N9,N4,0.097,-4106.634909,-4099.53403
"8,4",N9,Sp000,0.094,-4180.020327,-4099.53403
"8,5",N9,N7,0.094,-4106.634967,-4099.53403
"8,6",N9,N8,0.093,-4099.538630,-4099.53403
"8,7",N9,N10,0.100,-4170.736139,-4099.53403
"8,8",N9,N11,0.099,-4170.735707,-4099.53403
"8,9",N9,N12,0.093,-4122.873635,-4099.53403
"8,10",N9,Sp013,0.094,-4123.354767,-4099.53403
"8,11",N9,N16,0.094,-4216.990534,-4099.53403
"8,12",N9,Sp004,0.094,-4216.990346,-4099.53403
"8,13",N9,Sp010,0.093,-4277.382770,-4099.53403
"8,14",N9,Sp003,0.093,-4276.231313,-4099.53403
"8,15",N9,N20,0.096,-4132.113002,-4099.53403
"8,16",N9,Sp015,0.093,-4132.803671,-4099.53403
"8,17",N9,N24,0.097,-4314.505356,-4099.53403
"8,18",N9,Sp007,0.100,-4314.502476,-4099.53403
"8,19",N9,N26,0.095,-4139.712172,-4099.53403
"8,20",N9,N27,0.093,-4139.711893,-4099.53403
"8,21",N9,Sp016,0.094,-4332.721966,-4099.53403
"8,22",N9,Sp012,0.097,-4332.725080,-4099.53403
"8,23",N9,Sp009,0.095,-4161.553691,-4099.53403
"8,24",N9,Sp005,0.093,-4161.553691,-4099.53403
"8,25",N9,Sp014,0.096,-4139.711979,-4099.53403
"8,26",N9,Sp011,0.094,-4139.711961,-4099.53403
"9,0",N10,N1,0.095,-4176.482243,-4099.53403
"9,1",N10,Sp019,0.103,-4328.313051,-4099.53403
"9,2",N10,Sp001,0.102,-4328.312940,-4099.53403
"9,3",N10,N4,0.097,-4107.340738,-4099.53403
"9,4",N10,Sp000,0.091,-4176.482567,-4099.53403
"9,5",N10,N6,0.091,-4108.727379,-4099.53403
"9,6",N10,N11,0.095,-4099.540759,-4099.53403
"9,7",N10,N8,0.094,-4167.457078,-4099.53403
"9,8",N10,N9,0.093,-4167.464035,-4099.53403
"9,9",N10,Sp010,0.090,-4141.039937,-4099.53403
"9,10",N10,Sp003,0.096,-4142.093995,-4099.53403
"9,11",N10,N12,0.091,-4185.882250,-4099.53403
"9,12",N10,Sp013,0.095,-4186.173051,-4099.53403
"9,13",N10,Sp018,0.097,-4179.226935,-4099.53403
"9,14",N10,N15,0.094,-4179.227110,-4099.53403
"9,15",N10,N20,0.096,-4189.552882,-4099.53403
"9,16",N10,Sp015,0.095,-4190.945473,-4099.53403
"9,17",N10,N22,0.095,-4187.638411,-4099.53403
"9,18",N10,Sp008,0.109,-4187.008792,-4099.53403
"9,19",N10,N26,0.094,-4191.444825,-4099.53403
"9,20",N10,N27,0.095,-4191.443397,-4099.53403
"9,21",N10,N28,0.094,-4194.735883,-4099.53403
"9,22",N10,Sp002,0.098,-4194.736140,-4099.53403
"9,23",N10,Sp009,0.092,-4202.296869,-4099.53403
"9,24",N10,Sp005,0.095,-4202.296869,-4099.53403
"9,25",N10,Sp014,0.102,-4191.500567,-4099.53403
"9,26",N10,Sp011,0.093,-4191.500193,-4099.53403
"9,27",N10,Sp017,0.096,-4201.668948,-4099.53403
"9,28",N10,Sp006,0.096,-4198.793949,-4099.53403
"10,0",N11,N1,0.094,-4178.187958,-4099.53403
"10,1",N11,Sp019,0.103,-4331.702455,-4099.53403
"10,2",N11,Sp001,0.104,-4331.702430,-4099.53403
"10,3",N11,N4,0.116,-4108.726104,-4099.53403
"10,4",N11,Sp000,0.097,-4178.186945,-4099.53403
"10,5",N11,N6,0.095,-4107.340991,-4099.53403
"10,6",N11,N10,0.091,-4099.538828,-4099.53403
"10,7",N11,N8,0.094,-4163.665648,-4099.53403
"10,8",N11,N9,0.094,-4163.665199,-4099.53403
"10,9",N11,N16,0.097,-4113.314156,-4099.53403
"10,10",N11,Sp004,0.092,-4110.437494,-4099.53403
"10,11",N11,N12,0.093,-4191.434386,-4099.53403
"10,12",N11,Sp013,0.092,-4190.615889,-4099.53403
"10,13",N11,Sp018,0.096,-4172.811689,-4099.53403
"10,14",N11,N15,0.093,-4172.811443,-4099.53403
"10,15",N11,N24,0.097,-4178.015277,-4099.53403
"10,16",N11,Sp007,0.094,-4178.015485,-4099.53403
"10,17",N11,N20,0.096,-4191.416082,-4099.53403
"10,18",N11,Sp015,0.093,-4193.966491,-4099.53403
"10,19",N11,N22,0.095,-4177.621335,-4099.53403
"10,20",N11,Sp008,0.092,-4176.954449,-4099.53403
"10,21",N11,Sp016,0.094,-4193.871935,-4099.53403
"10,22",N11,Sp012,0.092,-4193.871760,-4099.53403
"10,23",N11,N26,0.097,-4191.972221,-4099.53403
"10,24",N11,N27,0.092,-4191.972032,-4099.53403
"10,25",N11,N28,0.097,-4183.196509,-4099.53403
"10,26",N11,Sp002,0.094,-4183.196770,-4099.53403
"10,27",N11,Sp009,0.094,-4207.261954,-4099.53403
"10,28",N11,Sp005,0.094,-4207.261955,-4099.53403
"10,29",N11,Sp014,0.095,-4191.972068,-4099.53403
"10,30",N11,Sp011,0.093,-4191.971692,-4099.53403
"10,31",N11,Sp017,0.095,-4189.740741,-4099.53403
"10,32",N11,Sp006,0.094,-4187.047068,-4099.53403
"11,0",N12,N1,0.098,-4211.399999,-4099.53403
"11,1",N12,Sp019,0.097,-4377.728084,-4099.53403
"11,2",N12,Sp001,0.099,-4377.732065,-4099.53403
"11,3",N12,N4,0.097,-4134.507091,-4099.53403
"11,4",N12,Sp000,0.100,-4211.402463,-4099.53403
"11,5",N12,N6,0.095,-4123.354504,-4099.53403
"11,6",N12,N7,0.099,-4133.602489,-4099.53403
"11,7",N12,N9,0.094,-4122.873469,-4099.53403
"11,8",N12,Sp013,0.091,-4099.537880,-4099.53403
"11,9",N12,N10,0.096,-4205.594373,-4099.53403
"11,10",N12,N11,0.099,-4205.594378,-4099.53403
"11,11",N12,Sp018,0.092,-4157.062655,-4099.53403
"11,12",N12,N15,0.095,-4157.062511,-4099.53403
"11,13",N12,N16,0.097,-4257.761133,-4099.53403
"11,14",N12,Sp004,0.094,-4257.761359,-4099.53403
"11,15",N12,Sp010,0.094,-4324.242899,-4099.53403
"11,16",N12,Sp003,0.093,-4324.242600,-4099.53403
"11,17",N12,N22,0.097,-4168.523083,-4099.53403
"11,18",N12,Sp008,0.092,-4168.522987,-4099.53403
"11,19",N12,N24,0.094,-4350.619424,-4099.53403
"11,20",N12,Sp007,0.097,-4350.616652,-4099.53403
"11,21",N12,N28,0.096,-4177.909857,-4099.53403
"11,22",N12,Sp002,0.095,-4177.909872,-4099.53403
"11,23",N12,Sp016,0.096,-4371.639673,-4099.53403
"11,24",N12,Sp012,0.094,-4371.639561,-4099.53403
"11,25",N12,Sp017,0.095,-4189.941716,-4099.53403
"11,26",N12,Sp006,0.095,-4189.941697,-4099.53403
"12,0",Sp013,N1,0.094,-4210.360466,-4099.53403
"12,1",Sp013,Sp019,0.098,-4377.277235,-4099.53403
"12,2",Sp013,Sp001,0.099,-4377.284259,-4099.53403
"12,3",Sp013,N4,0.097,-4133.427839,-4099.53403
"12,4",Sp013,Sp000,0.096,-4210.361220,-4099.53403
"12,5",Sp013,N6,0.094,-4122.872088,-4099.53403
"12,6",Sp013,N7,0.097,-4133.545953,-4099.53403
"12,7",Sp013,N9,0.093,-4123.357747,-4099.53403
"12,8",Sp013,N12,0.093,-4099.537907,-4099.53403
"12,9",Sp013,N10,0.098,-4206.125387,-4099.53403
"12,10",Sp013,N11,0.096,-4206.010889,-4099.53403
"12,11",Sp013,Sp018,0.094,-4157.191312,-4099.53403
"12,12",Sp013,N15,0.093,-4157.596826,-4099.53403
"12,13",Sp013,N20,0.092,-4106.690876,-4099.53403
"12,14",Sp013,Sp015,0.095,-4106.520044,-4099.53403
"12,15",Sp013,N16,0.097,-4257.871781,-4099.53403
"12,16",Sp013,Sp004,0.093,-4257.871084,-4099.53403
"12,17",Sp013,Sp010,0.094,-4317.112974,-4099.53403
"12,18",Sp013,Sp003,0.100,-4317.112708,-4099.53403
"12,19",Sp013,N22,0.097,-4168.571853,-4099.53403
"12,20",Sp013,Sp008,0.097,-4168.571856,-4099.53403
"12,21",Sp013,N26,0.094,-4116.418865,-4099.53403
"12,22",Sp013,N27,0.098,-4116.419019,-4099.53403
"12,23",Sp013,N24,0.096,-4340.289871,-4099.53403
"12,24",Sp013,Sp007,0.095,-4340.289291,-4099.53403
"12,25",Sp013,N28,0.096,-4176.998242,-4099.53403
"12,26",Sp013,Sp002,0.098,-4176.998262,-4099.53403
"12,27",Sp013,Sp009,0.095,-4136.551700,-4099.53403
"12,28",Sp013,Sp005,0.099,-4136.551702,-4099.53403
"12,29",Sp013,Sp014,0.094,-4116.419306,-4099.53403
"12,30",Sp013,Sp011,0.092,-4116.419292,-4099.53403
"12,31",Sp013,Sp016,0.094,-4360.320346,-4099.53403
"12,32",Sp013,Sp012,0.092,-4360.320271,-4099.53403
"12,33",Sp013,Sp017,0.095,-4188.235583,-4099.53403
"12,34",Sp013,Sp006,0.098,-4188.235558,-4099.53403
"13,0",Sp018,N1,0.099,-4188.868578,-4099.53403
"13,1",Sp018,Sp019,0.098,-4353.208887,-4099.53403
"13,2",Sp018,Sp001,0.097,-4353.208891,-4099.53403
"13,3",Sp018,N4,0.100,-4114.695454,-4099.53403
"13,4",Sp018,Sp000,0.099,-4188.684632,-4099.53403
"13,5",Sp018,N6,0.093,-4106.681157,-4099.53403
"13,6",Sp018,N7,0.096,-4115.938577,-4099.53403
"13,7",Sp018,N8,0.091,-4106.679605,-4099.53403
"13,8",Sp018,N15,0.093,-4099.537893,-4099.53403
"13,9",Sp018,N10,0.091,-4185.782423,-4099.53403
"13,10",Sp018,N11,0.097,-4185.783601,-4099.53403
"13,11",Sp018,N12,0.097,-4159.600720,-4099.53403
"13,12",Sp018,Sp013,0.099,-4159.235148,-4099.53403
"13,13",Sp018,N22,0.093,-4101.518439,-4099.53403
"13,14",Sp018,Sp008,0.093,-4105.657819,-4099.53403
"13,15",Sp018,N16,0.100,-4253.648064,-4099.53403
"13,16",Sp018,Sp004,0.098,-4253.648333,-4099.53403
"13,17",Sp018,Sp010,0.095,-4321.506761,-4099.53403
"13,18",Sp018,Sp003,0.093,-4321.356858,-4099.53403
"13,19",Sp018,N20,0.096,-4185.106337,-4099.53403
"13,20",Sp018,Sp015,0.094,-4185.106536,-4099.53403
"13,21",Sp018,N28,0.092,-4104.340568,-4099.53403
"13,22",Sp018,Sp002,0.095,-4104.340574,-4099.53403
"13,23",Sp018,N24,0.095,-4354.746887,-4099.53403
"13,24",Sp018,Sp007,0.095,-4354.747051,-4099.53403
"13,25",Sp018,N26,0.093,-4194.322059,-4099.53403
"13,26",Sp018,N27,0.098,-4194.321892,-4099.53403
"13,27",Sp018,Sp017,0.091,-4118.525224,-4099.53403
"13,28",Sp018,Sp006,0.093,-4118.525216,-4099.53403
"13,29",Sp018,Sp016,0.092,-4372.199809,-4099.53403
"13,30",Sp018,Sp012,0.093,-4372.200244,-4099.53403
"13,31",Sp018,Sp009,0.093,-4214.541416,-4099.53403
"13,32",Sp018,Sp005,0.094,-4214.541415,-4099.53403
"13,33",Sp018,Sp014,0.094,-4194.321970,-4099.53403
"13,34",Sp018,Sp011,0.094,-4194.321945,-4099.53403
"14,0",N15,N1,0.096,-4185.601530,-4099.53403
"14,1",N15,Sp019,0.098,-4350.107304,-4099.53403
"14,2",N15,Sp001,0.097,-4350.107063,-4099.53403
"14,3",N15,N4,0.095,-4112.206943,-4099.53403
"14,4",N15,Sp000,0.097,-4185.601526,-4099.53403
"14,5",N15,N6,0.095,-4106.681046,-4099.53403
"14,6",N15,N7,0.095,-4115.938687,-4099.53403
"14,7",N15,N8,0.094,-4106.679501,-4099.53403
"14,8",N15,Sp018,0.093,-4099.537907,-4099.53403
"14,9",N15,N10,0.094,-4185.782156,-4099.53403
"14,10",N15,N11,0.095,-4185.782466,-4099.53403
"14,11",N15,N12,0.094,-4159.600942,-4099.53403
"14,12",N15,Sp013,0.094,-4159.601087,-4099.53403
"14,13",N15,N16,0.101,-4252.541914,-4099.53403
"14,14",N15,Sp004,0.101,-4252.541895,-4099.53403
"14,15",N15,Sp010,0.094,-4334.118386,-4099.53403
"14,16",N15,Sp003,0.094,-4332.076653,-4099.53403
"14,17",N15,N20,0.096,-4189.897963,-4099.53403
"14,18",N15,Sp015,0.091,-4189.898159,-4099.53403
"14,19",N15,N24,0.097,-4373.064702,-4099.53403
"14,20",N15,Sp007,0.098,-4373.067355,-4099.53403
"14,21",N15,N26,0.104,-4199.855075,-4099.53403
"14,22",N15,N27,0.092,-4199.854891,-4099.53403
"14,23",N15,Sp016,0.096,-4391.347037,-4099.53403
"14,24",N15,Sp012,0.096,-4391.347872,-4099.53403
"14,25",N15,Sp009,0.094,-4221.576061,-4099.53403
"14,26",N15,Sp005,0.095,-4221.576061,-4099.53403
"14,27",N15,Sp014,0.098,-4199.854988,-4099.53403
"14,28",N15,Sp011,0.094,-4199.854970,-4099.53403
"15,0",N16,N1,0.093,-4186.688676,-4099.53403
"15,1",N16,Sp019,0.108,-4337.424417,-4099.53403
"15,2",N16,Sp001,0.107,-4337.424301,-4099.53403
"15,3",N16,N4,0.098,-4119.141332,-4099.53403
"15,4",N16,Sp000,0.094,-4186.687806,-4099.53403
"15,5",N16,N6,0.093,-4119.457694,-4099.53403
"15,6",N16,N7,0.096,-4110.436349,-4099.53403
"15,7",N16,N8,0.094,-4186.071427,-4099.53403
"15,8",N16,N9,0.095,-4186.226102,-4099.53403
"15,9",N16,N11,0.096,-4113.314908,-4099.53403
"15,10",N16,Sp004,0.092,-4099.538865,-4099.53403
"15,11",N16,N12,0.094,-4202.721186,-4099.53403
"15,12",N16,Sp013,0.093,-4202.357445,-4099.53403
"15,13",N16,Sp018,0.095,-4198.273850,-4099.53403
"15,14",N16,N15,0.096,-4198.276211,-4099.53403
"15,15",N16,Sp010,0.095,-4167.746588,-4099.53403
"15,16",N16,Sp003,0.090,-4167.746924,-4099.53403
"15,17",N16,N20,0.096,-4204.873907,-4099.53403
"15,18",N16,Sp015,0.101,-4207.118420,-4099.53403
"15,19",N16,N22,0.095,-4205.686668,-4099.53403
"15,20",N16,Sp008,0.093,-4205.147728,-4099.53403
"15,21",N16,N26,0.094,-4206.191337,-4099.53403
"15,22",N16,N27,0.100,-4206.191311,-4099.53403
"15,23",N16,N28,0.091,-4211.116038,-4099.53403
"15,24",N16,Sp002,0.095,-4211.116304,-4099.53403
"15,25",N16,Sp009,0.091,-4218.446778,-4099.53403
"15,26",N16,Sp005,0.095,-4218.446778,-4099.53403
"15,27",N16,Sp014,0.093,-4206.223157,-4099.53403
"15,28",N16,Sp011,0.094,-4206.222781,-4099.53403
"15,29",N16,Sp017,0.090,-4217.191316,-4099.53403
"15,30",N16,Sp006,0.100,-4214.752173,-4099.53403
"16,0",Sp004,N1,0.093,-4193.123137,-4099.53403
"16,1",Sp004,Sp019,0.097,-4342.225754,-4099.53403
"16,2",Sp004,Sp001,0.095,-4342.224505,-4099.53403
"16,3",Sp004,N4,0.094,-4123.348975,-4099.53403
"16,4",Sp004,Sp000,0.093,-4193.122223,-4099.53403
"16,5",Sp004,N6,0.094,-4123.349254,-4099.53403
"16,6",Sp004,N7,0.094,-4113.313840,-4099.53403
"16,7",Sp004,N8,0.093,-4184.131752,-4099.53403
"16,8",Sp004,N9,0.092,-4184.249789,-4099.53403
"16,9",Sp004,N11,0.096,-4110.436366,-4099.53403
"16,10",Sp004,N16,0.094,-4099.538215,-4099.53403
"16,11",Sp004,N12,0.094,-4201.455013,-4099.53403
"16,12",Sp004,Sp013,0.096,-4201.215593,-4099.53403
"16,13",Sp004,Sp018,0.091,-4194.517138,-4099.53403
"16,14",Sp004,N15,0.092,-4194.517292,-4099.53403
"16,15",Sp004,Sp010,0.101,-4159.513392,-4099.53403
"16,16",Sp004,Sp003,0.096,-4159.513468,-4099.53403
"16,17",Sp004,N24,0.095,-4144.516180,-4099.53403
"16,18",Sp004,Sp007,0.095,-4144.515835,-4099.53403
"16,19",Sp004,N20,0.096,-4204.434502,-4099.53403
"16,20",Sp004,Sp015,0.095,-4205.162183,-4099.53403
"16,21",Sp004,N22,0.092,-4201.207494,-4099.53403
"16,22",Sp004,Sp008,0.094,-4200.784982,-4099.53403
"16,23",Sp004,Sp016,0.095,-4163.486382,-4099.53403
"16,24",Sp004,Sp012,0.095,-4163.680800,-4099.53403
"16,25",Sp004,N26,0.100,-4205.548251,-4099.53403
"16,26",Sp004,N27,0.093,-4206.468521,-4099.53403
"16,27",Sp004,N28,0.094,-4206.137486,-4099.53403
"16,28",Sp004,Sp002,0.093,-4206.137755,-4099.53403
"16,29",Sp004,Sp009,0.095,-4211.675214,-4099.53403
"16,30",Sp004,Sp005,0.093,-4211.675213,-4099.53403
"16,31",Sp004,Sp014,0.096,-4206.469165,-4099.53403
"16,32",Sp004,Sp011,0.096,-4206.468784,-4099.53403
"16,33",Sp004,Sp017,0.095,-4211.842564,-4099.53403
"16,34",Sp004,Sp006,0.096,-4209.603861,-4099.53403
"17,0",Sp010,N1,0.094,-4246.176391,-4099.53403
"17,1",Sp010,Sp019,0.103,-4422.753094,-4099.53403
"17,2",Sp010,Sp001,0.104,-4422.752667,-4099.53403
"17,3",Sp010,N4,0.101,-4166.916896,-4099.53403
"17,4",Sp010,Sp000,0.094,-4246.177050,-4099.53403
"17,5",Sp010,N6,0.090,-4166.920885,-4099.53403
"17,6",Sp010,N7,0.093,-4142.093902,-4099.53403
"17,7",Sp010,N8,0.102,-4311.438582,-4099.53403
"17,8",Sp010,N9,0.098,-4311.438348,-4099.53403
"17,9",Sp010,N10,0.098,-4141.045119,-4099.53403
"17,10",Sp010,Sp003,0.093,-4099.537897,-4099.53403
"17,11",Sp010,N12,0.106,-4342.670105,-4099.53403
"17,12",Sp010,Sp013,0.103,-4342.336861,-4099.53403
"17,13",Sp010,Sp018,0.093,-4324.591326,-4099.53403
"17,14",Sp010,N15,0.096,-4324.591350,-4099.53403
"17,15",Sp010,N16,0.096,-4191.734738,-4099.53403
"17,16",Sp010,Sp004,0.099,-4191.734884,-4099.53403
"17,17",Sp010,N20,0.092,-4343.568406,-4099.53403
"17,18",Sp010,Sp015,0.094,-4345.532300,-4099.53403
"17,19",Sp010,N22,0.093,-4332.452007,-4099.53403
"17,20",Sp010,Sp008,0.098,-4332.015958,-4099.53403
"17,21",Sp010,N24,0.095,-4323.992680,-4099.53403
"17,22",Sp010,Sp007,0.098,-4323.992821,-4099.53403
"17,23",Sp010,N26,0.095,-4344.106334,-4099.53403
"17,24",Sp010,N27,0.093,-4344.106206,-4099.53403
"17,25",Sp010,N28,0.093,-4338.585043,-4099.53403
"17,26",Sp010,Sp002,0.089,-4338.585310,-4099.53403
"17,27",Sp010,Sp016,0.094,-4341.006538,-4099.53403
"17,28",Sp010,Sp012,0.103,-4341.006354,-4099.53403
"17,29",Sp010,Sp009,0.095,-4359.163497,-4099.53403
"17,30",Sp010,Sp005,0.096,-4359.163498,-4099.53403
"17,31",Sp010,Sp014,0.099,-4344.106248,-4099.53403
"17,32",Sp010,Sp011,0.094,-4344.105865,-4099.53403
"17,33",Sp010,Sp017,0.095,-4345.081141,-4099.53403
"17,34",Sp010,Sp006,0.095,-4342.459776,-4099.53403
"18,0",Sp003,N1,0.099,-4243.463065,-4099.53403
"18,1",Sp003,Sp019,0.106,-4419.146180,-4099.53403
"18,2",Sp003,Sp001,0.105,-4419.145765,-4099.53403
"18,3",Sp003,N4,0.104,-4165.302640,-4099.53403
"18,4",Sp003,Sp000,0.097,-4243.467097,-4099.53403
"18,5",Sp003,N6,0.100,-4165.685468,-4099.53403
"18,6",Sp003,N7,0.097,-4141.039828,-4099.53403
"18,7",Sp003,N8,0.103,-4302.837521,-4099.53403
"18,8",Sp003,N9,0.099,-4302.837337,-4099.53403
"18,9",Sp003,N10,0.100,-4142.093898,-4099.53403
"18,10",Sp003,Sp010,0.095,-4099.537892,-4099.53403
"18,11",Sp003,N12,0.094,-4334.094247,-4099.53403
"18,12",Sp003,Sp013,0.096,-4333.540382,-4099.53403
"18,13",Sp003,Sp018,0.104,-4313.826343,-4099.53403
"18,14",Sp003,N15,0.099,-4313.063450,-4099.53403
"18,15",Sp003,N16,0.102,-4192.761879,-4099.53403
"18,16",Sp003,Sp004,0.099,-4192.761773,-4099.53403
"18,17",Sp003,N20,0.103,-4334.909039,-4099.53403
"18,18",Sp003,Sp015,0.096,-4336.841750,-4099.53403
"18,19",Sp003,N22,0.101,-4316.841647,-4099.53403
"18,20",Sp003,Sp008,0.097,-4316.362658,-4099.53403
"18,21",Sp003,N24,0.099,-4327.561891,-4099.53403
"18,22",Sp003,Sp007,0.099,-4327.561997,-4099.53403
"18,23",Sp003,N26,0.096,-4335.419418,-4099.53403
"18,24",Sp003,N27,0.097,-4335.419293,-4099.53403
"18,25",Sp003,N28,0.095,-4322.875102,-4099.53403
"18,26",Sp003,Sp002,0.095,-4322.875368,-4099.53403
"18,27",Sp003,Sp016,0.102,-4343.825889,-4099.53403
"18,28",Sp003,Sp012,0.096,-4343.838927,-4099.53403
"18,29",Sp003,Sp009,0.095,-4350.219002,-4099.53403
"18,30",Sp003,Sp005,0.094,-4350.219002,-4099.53403
"18,31",Sp003,Sp014,0.094,-4335.419333,-4099.53403
"18,32",Sp003,Sp011,0.092,-4335.418951,-4099.53403
"18,33",Sp003,Sp017,0.093,-4329.384289,-4099.53403
"18,34",Sp003,Sp006,0.092,-4326.741876,-4099.53403
"19,0",N20,N1,0.094,-4218.918586,-4099.53403
"19,1",N20,Sp019,0.101,-4387.121176,-4099.53403
"19,2",N20,Sp001,0.099,-4387.122583,-4099.53403
"19,3",N20,N4,0.093,-4141.348350,-4099.53403
"19,4",N20,Sp000,0.096,-4218.885588,-4099.53403
"19,5",N20,N6,0.095,-4131.466959,-4099.53403
"19,6",N20,N7,0.096,-4141.914937,-4099.53403
"19,7",N20,N8,0.094,-4106.520013,-4099.53403
"19,8",N20,N9,0.093,-4133.817231,-4099.53403
"19,9",N20,N10,0.097,-4222.442461,-4099.53403
"19,10",N20,N11,0.098,-4222.442687,-4099.53403
"19,11",N20,Sp013,0.094,-4106.690802,-4099.53403
"19,12",N20,Sp015,0.095,-4099.537883,-4099.53403
"19,13",N20,Sp018,0.091,-4186.337346,-4099.53403
"19,14",N20,N15,0.093,-4186.362005,-4099.53403
"19,15",N20,N16,0.093,-4281.329522,-4099.53403
"19,16",N20,Sp004,0.097,-4281.331289,-4099.53403
"19,17",N20,Sp010,0.094,-4348.148550,-4099.53403
"19,18",N20,Sp003,0.095,-4348.148228,-4099.53403
"19,19",N20,N22,0.095,-4198.711119,-4099.53403
"19,20",N20,Sp008,0.094,-4198.711295,-4099.53403
"19,21",N20,N24,0.098,-4375.350336,-4099.53403
"19,22",N20,Sp007,0.098,-4375.350109,-4099.53403
"19,23",N20,N28,0.094,-4208.368833,-4099.53403
"19,24",N20,Sp002,0.094,-4208.368850,-4099.53403
"19,25",N20,Sp016,0.093,-4396.147046,-4099.53403
"19,26",N20,Sp012,0.093,-4396.146963,-4099.53403
"19,27",N20,Sp017,0.092,-4220.088087,-4099.53403
"19,28",N20,Sp006,0.094,-4220.088066,-4099.53403
"20,0",Sp015,N1,0.097,-4223.657741,-4099.53403
"20,1",Sp015,Sp019,0.100,-4392.699302,-4099.53403
"20,2",Sp015,Sp001,0.098,-4392.698978,-4099.53403
"20,3",Sp015,N4,0.097,-4145.808983,-4099.53403
"20,4",Sp015,Sp000,0.094,-4223.657901,-4099.53403
"20,5",Sp015,N6,0.092,-4134.073466,-4099.53403
"20,6",Sp015,N7,0.091,-4145.810197,-4099.53403
"20,7",Sp015,N8,0.096,-4106.690801,-4099.53403
"20,8",Sp015,N9,0.093,-4134.065996,-4099.53403
"20,9",Sp015,N10,0.098,-4228.086520,-4099.53403
"20,10",Sp015,N11,0.098,-4228.084574,-4099.53403
"20,11",Sp015,Sp013,0.094,-4106.520040,-4099.53403
"20,12",Sp015,N20,0.091,-4099.537879,-4099.53403
"20,13",Sp015,Sp018,0.098,-4186.594730,-4099.53403
"20,14",Sp015,N15,0.095,-4186.593411,-4099.53403
"20,15",Sp015,N16,0.097,-4293.071866,-4099.53403
"20,16",Sp015,Sp004,0.094,-4293.074273,-4099.53403
"20,17",Sp015,Sp010,0.095,-4358.957757,-4099.53403
"20,18",Sp015,Sp003,0.096,-4358.957577,-4099.53403
"20,19",Sp015,N26,0.092,-4109.911328,-4099.53403
"20,20",Sp015,N27,0.092,-4109.911544,-4099.53403
"20,21",Sp015,N22,0.098,-4198.343456,-4099.53403
"20,22",Sp015,Sp008,0.099,-4198.343957,-4099.53403
"20,23",Sp015,N24,0.099,-4383.552943,-4099.53403
"20,24",Sp015,Sp007,0.096,-4383.554128,-4099.53403
"20,25",Sp015,Sp009,0.093,-4134.561713,-4099.53403
"20,26",Sp015,Sp005,0.092,-4134.561714,-4099.53403
"20,27",Sp015,Sp014,0.094,-4109.911820,-4099.53403
"20,28",Sp015,Sp011,0.092,-4109.911813,-4099.53403
"20,29",Sp015,N28,0.094,-4207.992067,-4099.53403
"20,30",Sp015,Sp002,0.096,-4207.992083,-4099.53403
"20,31",Sp015,Sp016,0.095,-4403.979835,-4099.53403
"20,32",Sp015,Sp012,0.098,-4403.979887,-4099.53403
"20,33",Sp015,Sp017,0.093,-4219.796575,-4099.53403
"20,34",Sp015,Sp006,0.094,-4219.796554,-4099.53403
"21,0",N22,N1,0.097,-4197.434063,-4099.53403
"21,1",N22,Sp019,0.100,-4362.300298,-4099.53403
"21,2",N22,Sp001,0.094,-4362.299907,-4099.53403
"21,3",N22,N4,0.099,-4123.940159,-4099.53403
"21,4",N22,Sp000,0.093,-4197.356678,-4099.53403
"21,5",N22,N6,0.095,-4115.064289,-4099.53403
"21,6",N22,N7,0.092,-4124.162956,-4099.53403
"21,7",N22,N8,0.095,-4115.063385,-4099.53403
"21,8",N22,N9,0.093,-4105.658037,-4099.53403
"21,9",N22,N10,0.092,-4196.113559,-4099.53403
"21,10",N22,N11,0.092,-4196.113944,-4099.53403
"21,11",N22,N12,0.096,-4172.511238,-4099.53403
"21,12",N22,Sp013,0.091,-4172.511000,-4099.53403
"21,13",N22,Sp018,0.095,-4101.518407,-4099.53403
"21,14",N22,Sp008,0.094,-4099.538281,-4099.53403
"21,15",N22,N16,0.096,-4264.695421,-4099.53403
"21,16",N22,Sp004,0.101,-4264.695256,-4099.53403
"21,17",N22,Sp010,0.092,-4347.909166,-4099.53403
"21,18",N22,Sp003,0.093,-4346.325543,-4099.53403
"21,19",N22,N20,0.096,-4204.362319,-4099.53403
"21,20",N22,Sp015,0.097,-4204.362495,-4099.53403
"21,21",N22,N24,0.100,-4386.917929,-4099.53403
"21,22",N22,Sp007,0.096,-4386.917977,-4099.53403
"21,23",N22,N26,0.096,-4214.255351,-4099.53403
"21,24",N22,N27,0.095,-4214.255198,-4099.53403
"21,25",N22,Sp016,0.096,-4404.773013,-4099.53403
"21,26",N22,Sp012,0.090,-4404.773670,-4099.53403
"21,27",N22,Sp009,0.095,-4235.429482,-4099.53403
"21,28",N22,Sp005,0.096,-4235.429481,-4099.53403
"21,29",N22,Sp014,0.097,-4214.255289,-4099.53403
"21,30",N22,Sp011,0.092,-4214.255268,-4099.53403
"22,0",Sp008,N1,0.098,-4191.981098,-4099.53403
"22,1",Sp008,Sp019,0.098,-4356.291749,-4099.53403
"22,2",Sp008,Sp001,0.100,-4356.291733,-4099.53403
"22,3",Sp008,N4,0.098,-4118.720633,-4099.53403
"22,4",Sp008,Sp000,0.098,-4191.981161,-4099.53403
"22,5",Sp008,N6,0.091,-4109.820038,-4099.53403
"22,6",Sp008,N7,0.095,-4117.820948,-4099.53403
"22,7",Sp008,N8,0.095,-4109.820443,-4099.53403
"22,8",Sp008,N9,0.093,-4101.518818,-4099.53403
"22,9",Sp008,N10,0.094,-4187.176952,-4099.53403
"22,10",Sp008,N11,0.098,-4187.177210,-4099.53403
"22,11",Sp008,N12,0.095,-4165.756753,-4099.53403
"22,12",Sp008,Sp013,0.095,-4165.756750,-4099.53403
"22,13",Sp008,Sp018,0.095,-4105.659138,-4099.53403
"22,14",Sp008,N22,0.090,-4099.537933,-4099.53403
"22,15",Sp008,N16,0.103,-4253.435835,-4099.53403
"22,16",Sp008,Sp004,0.104,-4253.435978,-4099.53403
"22,17",Sp008,Sp010,0.097,-4328.792785,-4099.53403
"22,18",Sp008,Sp003,0.095,-4327.179935,-4099.53403
"22,19",Sp008,N20,0.094,-4193.995414,-4099.53403
"22,20",Sp008,Sp015,0.095,-4193.995610,-4099.53403
"22,21",Sp008,N28,0.092,-4102.633249,-4099.53403
"22,22",Sp008,Sp002,0.093,-4102.633251,-4099.53403
"22,23",Sp008,N24,0.095,-4365.387101,-4099.53403
"22,24",Sp008,Sp007,0.098,-4365.384572,-4099.53403
"22,25",Sp008,N26,0.096,-4203.513736,-4099.53403
"22,26",Sp008,N27,0.093,-4203.513571,-4099.53403
"22,27",Sp008,Sp017,0.094,-4117.845983,-4099.53403
"22,28",Sp008,Sp006,0.094,-4117.845977,-4099.53403
"22,29",Sp008,Sp016,0.095,-4383.175331,-4099.53403
"22,30",Sp008,Sp012,0.094,-4383.175692,-4099.53403
"22,31",Sp008,Sp009,0.100,-4224.127499,-4099.53403
"22,32",Sp008,Sp005,0.096,-4224.127499,-4099.53403
"22,33",Sp008,Sp014,0.093,-4203.513656,-4099.53403
"22,34",Sp008,Sp011,0.094,-4203.513633,-4099.53403
"23,0",N24,N1,0.098,-4289.812351,-4099.53403
"23,1",N24,Sp019,0.104,-4453.558153,-4099.53403
"23,2",N24,Sp001,0.106,-4453.549346,-4099.53403
"23,3",N24,N4,0.099,-4214.779978,-4099.53403
"23,4",N24,Sp000,0.097,-4289.811843,-4099.53403
"23,5",N24,N6,0.095,-4214.780429,-4099.53403
"23,6",N24,N7,0.095,-4196.911963,-4099.53403
"23,7",N24,N8,0.100,-4320.702499,-4099.53403
"23,8",N24,N9,0.091,-4320.711190,-4099.53403
"23,9",N24,N10,0.096,-4144.515719,-4099.53403
"23,10",N24,N11,0.096,-4196.902426,-4099.53403
"23,11",N24,N12,0.095,-4339.524272,-4099.53403
"23,12",N24,Sp013,0.092,-4339.372381,-4099.53403
"23,13",N24,Sp018,0.096,-4334.086268,-4099.53403
"23,14",N24,N15,0.095,-4334.086774,-4099.53403
"23,15",N24,Sp004,0.094,-4144.516251,-4099.53403
"23,16",N24,Sp007,0.091,-4099.538059,-4099.53403
"23,17",N24,Sp010,0.093,-4299.668426,-4099.53403
"23,18",N24,Sp003,0.094,-4299.668663,-4099.53403
"23,19",N24,N20,0.096,-4342.014857,-4099.53403
"23,20",N24,Sp015,0.095,-4344.128853,-4099.53403
"23,21",N24,N22,0.092,-4341.350975,-4099.53403
"23,22",N24,Sp008,0.094,-4340.820171,-4099.53403
"23,23",N24,N26,0.092,-4343.254697,-4099.53403
"23,24",N24,N27,0.095,-4343.254578,-4099.53403
"23,25",N24,N28,0.092,-4346.548774,-4099.53403
"23,26",N24,Sp002,0.095,-4346.549041,-4099.53403
"23,27",N24,Sp009,0.094,-4355.266551,-4099.53403
"23,28",N24,Sp005,0.093,-4355.266551,-4099.53403
"23,29",N24,Sp014,0.095,-4343.269147,-4099.53403
"23,30",N24,Sp011,0.096,-4343.268766,-4099.53403
"23,31",N24,Sp017,0.095,-4352.576309,-4099.53403
"23,32",N24,Sp006,0.102,-4350.183763,-4099.53403
"24,0",Sp007,N1,0.098,-4288.243317,-4099.53403
"24,1",Sp007,Sp019,0.095,-4474.205906,-4099.53403
"24,2",Sp007,Sp001,0.098,-4474.203401,-4099.53403
"24,3",Sp007,N4,0.093,-4213.954720,-4099.53403
"24,4",Sp007,Sp000,0.096,-4288.242604,-4099.53403
"24,5",Sp007,N6,0.097,-4213.952934,-4099.53403
"24,6",Sp007,N7,0.099,-4196.850436,-4099.53403
"24,7",Sp007,N8,0.092,-4311.253535,-4099.53403
"24,8",Sp007,N9,0.106,-4311.252404,-4099.53403
"24,9",Sp007,N10,0.099,-4144.516133,-4099.53403
"24,10",Sp007,N11,0.096,-4196.902864,-4099.53403
"24,11",Sp007,N12,0.096,-4327.290260,-4099.53403
"24,12",Sp007,Sp013,0.092,-4327.198599,-4099.53403
"24,13",Sp007,Sp018,0.089,-4324.577209,-4099.53403
"24,14",Sp007,N15,0.095,-4324.577686,-4099.53403
"24,15",Sp007,Sp004,0.097,-4144.516102,-4099.53403
"24,16",Sp007,N24,0.093,-4099.538292,-4099.53403
"24,17",Sp007,Sp010,0.092,-4299.166522,-4099.53403
"24,18",Sp007,Sp003,0.099,-4299.166769,-4099.53403
"24,19",Sp007,N20,0.093,-4329.600817,-4099.53403
"24,20",Sp007,Sp015,0.094,-4331.566219,-4099.53403
"24,21",Sp007,N22,0.090,-4331.515893,-4099.53403
"24,22",Sp007,Sp008,0.095,-4331.077231,-4099.53403
"24,23",Sp007,Sp016,0.094,-4108.919599,-4099.53403
"24,24",Sp007,Sp012,0.094,-4110.305717,-4099.53403
"24,25",Sp007,N26,0.094,-4330.711740,-4099.53403
"24,26",Sp007,N27,0.095,-4330.711596,-4099.53403
"24,27",Sp007,N28,0.094,-4336.375682,-4099.53403
"24,28",Sp007,Sp002,0.098,-4336.375955,-4099.53403
"24,29",Sp007,Sp009,0.092,-4342.222284,-4099.53403
"24,30",Sp007,Sp005,0.096,-4342.222285,-4099.53403
"24,31",Sp007,Sp014,0.094,-4330.715315,-4099.53403
"24,32",Sp007,Sp011,0.097,-4330.714935,-4099.53403
"24,33",Sp007,Sp017,0.095,-4342.186161,-4099.53403
"24,34",Sp007,Sp006,0.095,-4339.922651,-4099.53403
"25,0",N26,N1,0.097,-4235.230236,-4099.53403
"25,1",N26,Sp019,0.101,-4402.172681,-4099.53403
"25,2",N26,Sp001,0.100,-4402.172879,-4099.53403
"25,3",N26,N4,0.098,-4159.436551,-4099.53403
"25,4",N26,Sp000,0.099,-4234.832410,-4099.53403
"25,5",N26,N6,0.094,-4150.164128,-4099.53403
"25,6",N26,N7,0.102,-4160.413900,-4099.53403
"25,7",N26,N8,0.096,-4121.114772,-4099.53403
"25,8",N26,N9,0.097,-4150.167442,-4099.53403
"25,9",N26,N10,0.099,-4245.232134,-4099.53403
"25,10",N26,N11,0.100,-4245.233276,-4099.53403
"25,11",N26,N12,0.095,-4109.911470,-4099.53403
"25,12",N26,Sp013,0.099,-4121.116367,-4099.53403
"25,13",N26,Sp018,0.095,-4206.613391,-4099.53403
"25,14",N26,N15,0.094,-4206.611628,-4099.53403
"25,15",N26,N16,0.094,-4298.570437,-4099.53403
"25,16",N26,Sp004,0.094,-4298.570249,-4099.53403
"25,17",N26,Sp010,0.096,-4361.235628,-4099.53403
"25,18",N26,Sp003,0.094,-4361.235338,-4099.53403
"25,19",N26,Sp015,0.096,-4109.911254,-4099.53403
"25,20",N26,N27,0.092,-4099.537925,-4099.53403
"25,21",N26,N22,0.093,-4217.890583,-4099.53403
"25,22",N26,Sp008,0.094,-4217.890488,-4099.53403
"25,23",N26,N24,0.094,-4385.612570,-4099.53403
"25,24",N26,Sp007,0.097,-4385.609784,-4099.53403
"25,25",N26,Sp014,no ll opt_no time,-4099.533898,-4099.53403
"25,26",N26,Sp011,0.094,-4099.538067,-4099.53403
"25,27",N26,N28,0.094,-4226.734667,-4099.53403
"25,28",N26,Sp002,0.093,-4226.734687,-4099.53403
"25,29",N26,Sp016,0.096,-4405.670211,-4099.53403
"25,30",N26,Sp012,0.100,-4405.670076,-4099.53403
"25,31",N26,Sp017,0.091,-4237.900198,-4099.53403
"25,32",N26,Sp006,0.091,-4237.900173,-4099.53403
"26,0",N27,N1,0.094,-4235.410880,-4099.53403
"26,1",N27,Sp019,0.101,-4403.795041,-4099.53403
"26,2",N27,Sp001,0.097,-4403.799054,-4099.53403
"26,3",N27,N4,0.094,-4157.659126,-4099.53403
"26,4",N27,Sp000,0.096,-4235.407132,-4099.53403
"26,5",N27,N6,0.099,-4147.340603,-4099.53403
"26,6",N27,N7,0.098,-4157.657670,-4099.53403
"26,7",N27,N8,0.101,-4119.868732,-4099.53403
"26,8",N27,N9,0.096,-4148.851328,-4099.53403
"26,9",N27,N10,0.101,-4242.159194,-4099.53403
"26,10",N27,N11,0.101,-4242.159424,-4099.53403
"26,11",N27,N12,0.097,-4109.911254,-4099.53403
"26,12",N27,Sp013,0.094,-4121.114580,-4099.53403
"26,13",N27,Sp018,0.097,-4209.943623,-4099.53403
"26,14",N27,N15,0.097,-4209.941359,-4099.53403
"26,15",N27,N16,0.100,-4305.293970,-4099.53403
"26,16",N27,Sp004,0.096,-4305.300004,-4099.53403
"26,17",N27,Sp010,0.099,-4372.133882,-4099.53403
"26,18",N27,Sp003,0.098,-4372.130760,-4099.53403
"26,19",N27,Sp015,0.094,-4109.911471,-4099.53403
"26,20",N27,N26,0.090,-4099.537881,-4099.53403
"26,21",N27,N22,0.098,-4222.363548,-4099.53403
"26,22",N27,Sp008,0.095,-4222.371332,-4099.53403
"26,23",N27,N24,0.102,-4399.358043,-4099.53403
"26,24",N27,Sp007,0.099,-4399.357779,-4099.53403
"26,25",N27,Sp009,0.095,-4126.010080,-4099.53403
"26,26",N27,Sp005,0.093,-4126.010080,-4099.53403
"26,27",N27,N28,0.095,-4231.981036,-4099.53403
"26,28",N27,Sp002,0.094,-4231.981083,-4099.53403
"26,29",N27,Sp016,0.098,-4420.145732,-4099.53403
"26,30",N27,Sp012,0.100,-4420.144562,-4099.53403
"26,31",N27,Sp017,0.092,-4243.696317,-4099.53403
"26,32",N27,Sp006,0.096,-4243.696233,-4099.53403
"27,0",N28,N1,0.098,-4211.809719,-4099.53403
"27,1",N28,Sp019,0.096,-4378.052517,-4099.53403
"27,2",N28,Sp001,0.097,-4378.051983,-4099.53403
"27,3",N28,N4,0.094,-4137.912758,-4099.53403
"27,4",N28,Sp000,0.099,-4211.809453,-4099.53403
"27,5",N28,N6,0.093,-4127.701591,-4099.53403
"27,6",N28,N7,0.095,-4137.913263,-4099.53403
"27,7",N28,N8,0.094,-4127.699598,-4099.53403
"27,8",N28,N9,0.096,-4113.321303,-4099.53403
"27,9",N28,N10,0.096,-4216.526768,-4099.53403
"27,10",N28,N11,0.096,-4216.526746,-4099.53403
"27,11",N28,N12,0.096,-4194.605055,-4099.53403
"27,12",N28,Sp013,0.096,-4194.604240,-4099.53403
"27,13",N28,Sp018,0.092,-4113.321525,-4099.53403
"27,14",N28,N15,0.092,-4102.633259,-4099.53403
"27,15",N28,N16,0.101,-4285.737182,-4099.53403
"27,16",N28,Sp004,0.105,-4285.744604,-4099.53403
"27,17",N28,Sp010,0.093,-4358.706140,-4099.53403
"27,18",N28,Sp003,0.093,-4357.118277,-4099.53403
"27,19",N28,N20,0.094,-4223.332368,-4099.53403
"27,20",N28,Sp015,0.095,-4223.332524,-4099.53403
"27,21",N28,Sp008,0.093,-4102.633252,-4099.53403
"27,22",N28,Sp002,0.092,-4099.537978,-4099.53403
"27,23",N28,N24,0.095,-4397.429467,-4099.53403
"27,24",N28,Sp007,0.100,-4397.430874,-4099.53403
"27,25",N28,N26,0.093,-4232.836818,-4099.53403
"27,26",N28,N27,0.095,-4232.836653,-4099.53403
"27,27",N28,Sp016,0.090,-4415.117261,-4099.53403
"27,28",N28,Sp012,0.097,-4415.117807,-4099.53403
"27,29",N28,Sp009,0.093,-4253.435438,-4099.53403
"27,30",N28,Sp005,0.090,-4253.435437,-4099.53403
"27,31",N28,Sp014,0.096,-4232.836736,-4099.53403
"27,32",N28,Sp011,0.098,-4232.836712,-4099.53403
"28,0",Sp002,N1,0.097,-4211.810453,-4099.53403
"28,1",Sp002,Sp019,0.093,-4378.052374,-4099.53403
"28,2",Sp002,Sp001,0.097,-4378.052326,-4099.53403
"28,3",Sp002,N4,0.098,-4137.913247,-4099.53403
"28,4",Sp002,Sp000,0.098,-4211.810850,-4099.53403
"28,5",Sp002,N6,0.093,-4127.701453,-4099.53403
"28,6",Sp002,N7,0.092,-4137.913765,-4099.53403
"28,7",Sp002,N8,0.092,-4127.699790,-4099.53403
"28,8",Sp002,N9,0.092,-4113.321370,-4099.53403
"28,9",Sp002,N10,0.094,-4217.624130,-4099.53403
"28,10",Sp002,N11,0.099,-4217.592378,-4099.53403
"28,11",Sp002,N12,0.096,-4197.037312,-4099.53403
"28,12",Sp002,Sp013,0.094,-4197.037030,-4099.53403
"28,13",Sp002,Sp018,0.096,-4113.321398,-4099.53403
"28,14",Sp002,N15,0.092,-4102.633263,-4099.53403
"28,15",Sp002,N16,0.094,-4289.527372,-4099.53403
"28,16",Sp002,Sp004,0.095,-4289.520238,-4099.53403
"28,17",Sp002,Sp010,0.100,-4373.513572,-4099.53403
"28,18",Sp002,Sp003,0.101,-4371.943566,-4099.53403
"28,19",Sp002,N20,0.097,-4229.910780,-4099.53403
"28,20",Sp002,Sp015,0.097,-4229.910957,-4099.53403
"28,21",Sp002,Sp008,0.092,-4102.633252,-4099.53403
"28,22",Sp002,N28,0.092,-4099.537932,-4099.53403
"28,23",Sp002,N24,0.100,-4412.563926,-4099.53403
"28,24",Sp002,Sp007,0.100,-4412.563749,-4099.53403
"28,25",Sp002,N26,0.099,-4239.813333,-4099.53403
"28,26",Sp002,N27,0.096,-4239.813212,-4099.53403
"28,27",Sp002,Sp017,0.096,-4118.047807,-4099.53403
"28,28",Sp002,Sp006,0.095,-4118.049948,-4099.53403
"28,29",Sp002,Sp016,0.098,-4430.418243,-4099.53403
"28,30",Sp002,Sp012,0.099,-4430.421344,-4099.53403
"28,31",Sp002,Sp009,0.096,-4260.989790,-4099.53403
"28,32",Sp002,Sp005,0.094,-4260.989670,-4099.53403
"28,33",Sp002,Sp014,0.093,-4239.813305,-4099.53403
"28,34",Sp002,Sp011,0.102,-4239.813247,-4099.53403
"29,0",Sp016,N1,0.102,-4345.673211,-4099.53403
"29,1",Sp016,Sp019,0.100,-4549.323787,-4099.53403
"29,2",Sp016,Sp001,0.099,-4549.285475,-4099.53403
"29,3",Sp016,N4,0.104,-4267.132303,-4099.53403
"29,4",Sp016,Sp000,0.101,-4345.659510,-4099.53403
"29,5",Sp016,N6,0.103,-4267.133486,-4099.53403
"29,6",Sp016,N7,0.103,-4240.393077,-4099.53403
"29,7",Sp016,N8,0.099,-4380.948690,-4099.53403
"29,8",Sp016,N9,0.099,-4380.948521,-4099.53403
"29,9",Sp016,N10,0.097,-4169.634291,-4099.53403
"29,10",Sp016,N11,0.098,-4240.393376,-4099.53403
"29,11",Sp016,N12,0.096,-4399.910850,-4099.53403
"29,12",Sp016,Sp013,0.094,-4399.810005,-4099.53403
"29,13",Sp016,Sp018,0.093,-4391.257645,-4099.53403
"29,14",Sp016,N15,0.094,-4391.258129,-4099.53403
"29,15",Sp016,N16,0.095,-4110.305468,-4099.53403
"29,16",Sp016,Sp004,0.093,-4169.456771,-4099.53403
"29,17",Sp016,Sp010,0.092,-4361.034902,-4099.53403
"29,18",Sp016,Sp003,0.092,-4361.025990,-4099.53403
"29,19",Sp016,N20,0.093,-4402.311667,-4099.53403
"29,20",Sp016,Sp015,0.095,-4404.300090,-4099.53403
"29,21",Sp016,N22,0.095,-4398.308375,-4099.53403
"29,22",Sp016,Sp008,0.092,-4397.815506,-4099.53403
"29,23",Sp016,Sp007,0.095,-4108.919364,-4099.53403
"29,24",Sp016,Sp012,0.092,-4099.537980,-4099.53403
"29,25",Sp016,N26,0.094,-4403.445384,-4099.53403
"29,26",Sp016,N27,0.095,-4403.445221,-4099.53403
"29,27",Sp016,N28,0.101,-4403.299711,-4099.53403
"29,28",Sp016,Sp002,0.093,-4403.299980,-4099.53403
"29,29",Sp016,Sp009,0.093,-4415.054145,-4099.53403
"29,30",Sp016,Sp005,0.094,-4415.054145,-4099.53403
"29,31",Sp016,Sp014,0.100,-4403.450278,-4099.53403
"29,32",Sp016,Sp011,0.092,-4403.449895,-4099.53403
"29,33",Sp016,Sp017,0.097,-4409.210374,-4099.53403
"29,34",Sp016,Sp006,0.095,-4406.882006,-4099.53403
"30,0",Sp012,N1,0.104,-4344.137126,-4099.53403
"30,1",Sp012,Sp019,0.106,-4515.129357,-4099.53403
"30,2",Sp012,Sp001,0.105,-4515.102727,-4099.53403
"30,3",Sp012,N4,0.098,-4265.456944,-4099.53403
"30,4",Sp012,Sp000,0.104,-4344.143292,-4099.53403
"30,5",Sp012,N6,0.102,-4265.457141,-4099.53403
"30,6",Sp012,N7,0.100,-4238.931335,-4099.53403
"30,7",Sp012,N8,0.100,-4387.915184,-4099.53403
"30,8",Sp012,N9,0.101,-4387.914920,-4099.53403
"30,9",Sp012,N10,0.098,-4168.065724,-4099.53403
"30,10",Sp012,N11,0.098,-4238.931246,-4099.53403
"30,11",Sp012,N12,0.096,-4407.192225,-4099.53403
"30,12",Sp012,Sp013,0.097,-4407.061091,-4099.53403
"30,13",Sp012,Sp018,0.100,-4402.280328,-4099.53403
"30,14",Sp012,N15,0.093,-4402.280753,-4099.53403
"30,15",Sp012,N16,0.092,-4108.919393,-4099.53403
"30,16",Sp012,Sp004,0.095,-4168.065886,-4099.53403
"30,17",Sp012,Sp010,0.099,-4367.516796,-4099.53403
"30,18",Sp012,Sp003,0.095,-4367.517147,-4099.53403
"30,19",Sp012,N20,0.092,-4409.701514,-4099.53403
"30,20",Sp012,Sp015,0.094,-4411.802463,-4099.53403
"30,21",Sp012,N22,0.094,-4409.555229,-4099.53403
"30,22",Sp012,Sp008,0.097,-4409.043476,-4099.53403
"30,23",Sp012,Sp007,0.093,-4110.305440,-4099.53403
"30,24",Sp012,Sp016,0.095,-4099.537880,-4099.53403
"30,25",Sp012,N26,0.093,-4410.937934,-4099.53403
"30,26",Sp012,N27,0.096,-4410.937806,-4099.53403
"30,27",Sp012,N28,0.094,-4414.734997,-4099.53403
"30,28",Sp012,Sp002,0.097,-4414.735284,-4099.53403
"30,29",Sp012,Sp009,0.095,-4422.941909,-4099.53403
"30,30",Sp012,Sp005,0.093,-4422.941909,-4099.53403
"30,31",Sp012,Sp014,0.095,-4410.952886,-4099.53403
"30,32",Sp012,Sp011,0.094,-4410.952486,-4099.53403
"30,33",Sp012,Sp017,0.097,-4420.743123,-4099.53403
"30,34",Sp012,Sp006,0.095,-4418.362984,-4099.53403
"31,0",Sp009,N1,0.100,-4273.894555,-4099.53403
"31,1",Sp009,Sp019,0.101,-4441.311514,-4099.53403
"31,2",Sp009,Sp001,0.104,-4441.311695,-4099.53403
"31,3",Sp009,N4,0.100,-4197.871720,-4099.53403
"31,4",Sp009,Sp000,0.102,-4273.746618,-4099.53403
"31,5",Sp009,N6,0.102,-4188.134755,-4099.53403
"31,6",Sp009,N7,0.106,-4198.409031,-4099.53403
"31,7",Sp009,N8,0.100,-4159.064030,-4099.53403
"31,8",Sp009,N9,0.092,-4188.135638,-4099.53403
"31,9",Sp009,N10,0.101,-4283.213861,-4099.53403
"31,10",Sp009,N11,0.101,-4283.247317,-4099.53403
"31,11",Sp009,N12,0.097,-4147.857028,-4099.53403
"31,12",Sp009,Sp013,0.100,-4159.064303,-4099.53403
"31,13",Sp009,Sp018,0.107,-4244.532902,-4099.53403
"31,14",Sp009,N15,0.103,-4244.533019,-4099.53403
"31,15",Sp009,N16,0.101,-4336.540647,-4099.53403
"31,16",Sp009,Sp004,0.104,-4336.548719,-4099.53403
"31,17",Sp009,Sp010,0.101,-4399.068551,-4099.53403
"31,18",Sp009,Sp003,0.101,-4399.068296,-4099.53403
"31,19",Sp009,N20,0.093,-4126.010095,-4099.53403
"31,20",Sp009,Sp015,0.101,-4160.831876,-4099.53403
"31,21",Sp009,N22,0.103,-4255.803255,-4099.53403
"31,22",Sp009,Sp008,0.099,-4255.806000,-4099.53403
"31,23",Sp009,N24,0.099,-4423.515107,-4099.53403
"31,24",Sp009,Sp007,0.099,-4423.514822,-4099.53403
"31,25",Sp009,N27,0.095,-4126.010097,-4099.53403
"31,26",Sp009,Sp005,0.103,-4099.537879,-4099.53403
"31,27",Sp009,N28,0.097,-4264.641818,-4099.53403
"31,28",Sp009,Sp002,0.095,-4264.642027,-4099.53403
"31,29",Sp009,Sp016,0.096,-4443.564542,-4099.53403
"31,30",Sp009,Sp012,0.099,-4443.563440,-4099.53403
"31,31",Sp009,Sp014,0.097,-4137.482577,-4099.53403
"31,32",Sp009,Sp011,0.097,-4137.482625,-4099.53403
"31,33",Sp009,Sp017,0.095,-4275.807938,-4099.53403
"31,34",Sp009,Sp006,0.096,-4275.808000,-4099.53403
"32,0",Sp005,N1,0.102,-4273.894956,-4099.53403
"32,1",Sp005,Sp019,0.102,-4441.320896,-4099.53403
"32,2",Sp005,Sp001,0.101,-4441.321078,-4099.53403
"32,3",Sp005,N4,0.101,-4197.873883,-4099.53403
"32,4",Sp005,Sp000,0.102,-4273.746233,-4099.53403
"32,5",Sp005,N6,0.099,-4188.134739,-4099.53403
"32,6",Sp005,N7,0.097,-4198.409036,-4099.53403
"32,7",Sp005,N8,0.096,-4159.064027,-4099.53403
"32,8",Sp005,N9,0.094,-4188.135620,-4099.53403
"32,9",Sp005,N10,0.099,-4283.214394,-4099.53403
"32,10",Sp005,N11,0.099,-4283.247863,-4099.53403
"32,11",Sp005,N12,0.094,-4147.857027,-4099.53403
"32,12",Sp005,Sp013,0.093,-4159.064301,-4099.53403
"32,13",Sp005,Sp018,0.100,-4244.531382,-4099.53403
"32,14",Sp005,N15,0.099,-4244.531500,-4099.53403
"32,15",Sp005,N16,0.099,-4336.538891,-4099.53403
"32,16",Sp005,Sp004,0.097,-4336.546957,-4099.53403
"32,17",Sp005,Sp010,0.097,-4399.109200,-4099.53403
"32,18",Sp005,Sp003,0.099,-4399.108944,-4099.53403
"32,19",Sp005,N20,0.097,-4126.010095,-4099.53403
"32,20",Sp005,Sp015,0.094,-4160.831876,-4099.53403
"32,21",Sp005,N22,0.098,-4255.801445,-4099.53403
"32,22",Sp005,Sp008,0.098,-4255.804189,-4099.53403
"32,23",Sp005,N24,0.100,-4423.509185,-4099.53403
"32,24",Sp005,Sp007,0.096,-4423.508907,-4099.53403
"32,25",Sp005,N27,0.096,-4126.010085,-4099.53403
"32,26",Sp005,Sp009,0.094,-4099.537879,-4099.53403
"32,27",Sp005,N28,0.093,-4264.638181,-4099.53403
"32,28",Sp005,Sp002,0.096,-4264.638276,-4099.53403
"32,29",Sp005,Sp016,0.095,-4443.556550,-4099.53403
"32,30",Sp005,Sp012,0.097,-4443.555404,-4099.53403
"32,31",Sp005,Sp014,0.096,-4137.482578,-4099.53403
"32,32",Sp005,Sp011,0.095,-4137.482623,-4099.53403
"32,33",Sp005,Sp017,0.093,-4275.801031,-4099.53403
"32,34",Sp005,Sp006,0.097,-4275.800989,-4099.53403
"33,0",Sp014,N1,0.097,-4238.680569,-4099.53403
"33,1",Sp014,Sp019,0.106,-4407.106159,-4099.53403
"33,2",Sp014,Sp001,0.099,-4407.106153,-4099.53403
"33,3",Sp014,N4,0.094,-4160.826357,-4099.53403
"33,4",Sp014,Sp000,0.103,-4238.679534,-4099.53403
"33,5",Sp014,N6,0.097,-4150.499576,-4099.53403
"33,6",Sp014,N7,0.100,-4160.826288,-4099.53403
"33,7",Sp014,N8,0.092,-4121.415103,-4099.53403
"33,8",Sp014,N9,0.092,-4150.499582,-4099.53403
"33,9",Sp014,N10,0.098,-4245.307075,-4099.53403
"33,10",Sp014,N11,0.099,-4245.307071,-4099.53403
"33,11",Sp014,N12,0.094,-4109.911754,-4099.53403
"33,12",Sp014,Sp013,0.095,-4121.415125,-4099.53403
"33,13",Sp014,Sp018,0.098,-4221.054387,-4099.53403
"33,14",Sp014,N15,0.097,-4221.054421,-4099.53403
"33,15",Sp014,N16,0.103,-4316.368579,-4099.53403
"33,16",Sp014,Sp004,0.102,-4316.380449,-4099.53403
"33,17",Sp014,Sp010,0.097,-4383.258339,-4099.53403
"33,18",Sp014,Sp003,0.100,-4383.255160,-4099.53403
"33,19",Sp014,N20,0.094,-4099.538102,-4099.53403
"33,20",Sp014,Sp015,0.094,-4109.911754,-4099.53403
"33,21",Sp014,N22,0.104,-4233.491890,-4099.53403
"33,22",Sp014,Sp008,0.096,-4233.499708,-4099.53403
"33,23",Sp014,N24,0.100,-4410.472735,-4099.53403
"33,24",Sp014,Sp007,0.097,-4410.472470,-4099.53403
"33,25",Sp014,N26,0.096,-4099.538067,-4099.53403
"33,26",Sp014,Sp011,0.094,-4099.537879,-4099.53403
"33,27",Sp014,N28,0.100,-4243.112114,-4099.53403
"33,28",Sp014,Sp002,0.094,-4243.112293,-4099.53403
"33,29",Sp014,Sp016,0.098,-4431.256691,-4099.53403
"33,30",Sp014,Sp012,0.099,-4431.255699,-4099.53403
"33,31",Sp014,Sp009,0.100,-4137.135417,-4099.53403
"33,32",Sp014,Sp005,0.095,-4137.135431,-4099.53403
"33,33",Sp014,Sp017,0.095,-4254.827594,-4099.53403
"33,34",Sp014,Sp006,0.096,-4254.827594,-4099.53403
"34,0",Sp011,N1,0.097,-4238.534808,-4099.53403
"34,1",Sp011,Sp019,0.106,-4407.072278,-4099.53403
"34,2",Sp011,Sp001,0.103,-4407.076006,-4099.53403
"34,3",Sp011,N4,0.095,-4160.824635,-4099.53403
"34,4",Sp011,Sp000,0.096,-4238.558262,-4099.53403
"34,5",Sp011,N6,0.100,-4150.498514,-4099.53403
"34,6",Sp011,N7,0.107,-4160.824746,-4099.53403
"34,7",Sp011,N8,0.094,-4121.414791,-4099.53403
"34,8",Sp011,N9,0.096,-4150.498939,-4099.53403
"34,9",Sp011,N10,0.102,-4245.304566,-4099.53403
"34,10",Sp011,N11,0.112,-4245.304566,-4099.53403
"34,11",Sp011,N12,0.096,-4109.911696,-4099.53403
"34,12",Sp011,Sp013,0.095,-4121.414944,-4099.53403
"34,13",Sp011,Sp018,0.092,-4214.170786,-4099.53403
"34,14",Sp011,N15,0.102,-4214.167163,-4099.53403
"34,15",Sp011,N16,0.091,-4305.156473,-4099.53403
"34,16",Sp011,Sp004,0.102,-4305.156858,-4099.53403
"34,17",Sp011,Sp010,0.095,-4370.064309,-4099.53403
"34,18",Sp011,Sp003,0.093,-4370.064013,-4099.53403
"34,19",Sp011,N20,0.093,-4099.538101,-4099.53403
"34,20",Sp011,Sp015,0.095,-4109.911703,-4099.53403
"34,21",Sp011,N22,0.123,-4225.961726,-4099.53403
"34,22",Sp011,Sp008,0.102,-4225.961620,-4099.53403
"34,23",Sp011,N24,0.099,-4396.932879,-4099.53403
"34,24",Sp011,Sp007,0.095,-4396.933982,-4099.53403
"34,25",Sp011,N26,0.091,-4099.538067,-4099.53403
"34,26",Sp011,Sp014,no ll opt_no time,-4099.534043,-4099.53403
"34,27",Sp011,N28,0.097,-4235.209903,-4099.53403
"34,28",Sp011,Sp002,0.093,-4235.209922,-4099.53403
"34,29",Sp011,Sp016,0.096,-4417.282019,-4099.53403
"34,30",Sp011,Sp012,0.097,-4417.282096,-4099.53403
"34,31",Sp011,Sp009,0.092,-4132.976994,-4099.53403
"34,32",Sp011,Sp005,0.093,-4132.976993,-4099.53403
"34,33",Sp011,Sp017,0.091,-4246.658250,-4099.53403
"34,34",Sp011,Sp006,0.095,-4246.658226,-4099.53403
"35,0",Sp017,N1,0.097,-4231.785187,-4099.53403
"35,1",Sp017,Sp019,0.100,-4398.192750,-4099.53403
"35,2",Sp017,Sp001,0.096,-4398.192615,-4099.53403
"35,3",Sp017,N4,0.101,-4157.749814,-4099.53403
"35,4",Sp017,Sp000,0.098,-4231.784953,-4099.53403
"35,5",Sp017,N6,0.092,-4147.583044,-4099.53403
"35,6",Sp017,N7,0.097,-4157.750132,-4099.53403
"35,7",Sp017,N8,0.097,-4147.582682,-4099.53403
"35,8",Sp017,N9,0.097,-4133.191007,-4099.53403
"35,9",Sp017,N10,0.095,-4236.374656,-4099.53403
"35,10",Sp017,N11,0.098,-4236.375133,-4099.53403
"35,11",Sp017,N12,0.095,-4214.496461,-4099.53403
"35,12",Sp017,Sp013,0.097,-4214.496412,-4099.53403
"35,13",Sp017,Sp018,0.096,-4133.191762,-4099.53403
"35,14",Sp017,N15,0.092,-4122.499054,-4099.53403
"35,15",Sp017,N16,0.097,-4306.178933,-4099.53403
"35,16",Sp017,Sp004,0.097,-4306.176943,-4099.53403
"35,17",Sp017,Sp010,0.104,-4381.377361,-4099.53403
"35,18",Sp017,Sp003,0.101,-4379.798800,-4099.53403
"35,19",Sp017,N20,0.099,-4243.220051,-4099.53403
"35,20",Sp017,Sp015,0.099,-4243.220236,-4099.53403
"35,21",Sp017,N22,0.097,-4119.401752,-4099.53403
"35,22",Sp017,Sp008,0.097,-4122.499046,-4099.53403
"35,23",Sp017,N24,0.105,-4419.916186,-4099.53403
"35,24",Sp017,Sp007,0.101,-4419.916052,-4099.53403
"35,25",Sp017,N26,0.095,-4252.725894,-4099.53403
"35,26",Sp017,N27,0.094,-4252.725780,-4099.53403
"35,27",Sp017,Sp002,0.092,-4119.401752,-4099.53403
"35,28",Sp017,Sp006,0.094,-4099.537879,-4099.53403
"35,29",Sp017,Sp016,0.094,-4437.486137,-4099.53403
"35,30",Sp017,Sp012,0.098,-4437.487939,-4099.53403
"35,31",Sp017,Sp009,0.096,-4273.330181,-4099.53403
"35,32",Sp017,Sp005,0.096,-4273.330180,-4099.53403
"35,33",Sp017,Sp014,0.094,-4252.725862,-4099.53403
"35,34",Sp017,Sp011,0.098,-4252.725796,-4099.53403
"36,0",Sp006,N1,0.096,-4231.522757,-4099.53403
"36,1",Sp006,Sp019,0.098,-4397.914073,-4099.53403
"36,2",Sp006,Sp001,0.098,-4397.913772,-4099.53403
"36,3",Sp006,N4,0.106,-4157.435888,-4099.53403
"36,4",Sp006,Sp000,0.096,-4231.522554,-4099.53403
"36,5",Sp006,N6,0.094,-4147.148693,-4099.53403
"36,6",Sp006,N7,0.095,-4155.939975,-4099.53403
"36,7",Sp006,N8,0.098,-4147.332455,-4099.53403
"36,8",Sp006,N9,0.093,-4133.029186,-4099.53403
"36,9",Sp006,N10,0.099,-4231.938640,-4099.53403
"36,10",Sp006,N11,0.096,-4231.938626,-4099.53403
"36,11",Sp006,N12,0.095,-4213.270782,-4099.53403
"36,12",Sp006,Sp013,0.095,-4213.270546,-4099.53403
"36,13",Sp006,Sp018,0.094,-4133.029205,-4099.53403
"36,14",Sp006,N15,0.093,-4122.499066,-4099.53403
"36,15",Sp006,N16,0.102,-4299.588124,-4099.53403
"36,16",Sp006,Sp004,0.113,-4299.584947,-4099.53403
"36,17",Sp006,Sp010,0.102,-4372.387349,-4099.53403
"36,18",Sp006,Sp003,0.096,-4370.797631,-4099.53403
"36,19",Sp006,N20,0.099,-4240.964765,-4099.53403
"36,20",Sp006,Sp015,0.096,-4240.964952,-4099.53403
"36,21",Sp006,N22,0.094,-4119.401854,-4099.53403
"36,22",Sp006,Sp008,0.095,-4122.499022,-4099.53403
"36,23",Sp006,N24,0.100,-4411.119034,-4099.53403
"36,24",Sp006,Sp007,0.100,-4411.118690,-4099.53403
"36,25",Sp006,N26,0.095,-4250.354235,-4099.53403
"36,26",Sp006,N27,0.092,-4250.354125,-4099.53403
"36,27",Sp006,Sp002,0.093,-4119.401763,-4099.53403
"36,28",Sp006,Sp017,0.093,-4099.537879,-4099.53403
"36,29",Sp006,Sp016,0.097,-4428.806095,-4099.53403
"36,30",Sp006,Sp012,0.093,-4428.806724,-4099.53403
"36,31",Sp006,Sp009,0.097,-4270.782060,-4099.53403
"36,32",Sp006,Sp005,0.092,-4270.782060,-4099.53403
"36,33",Sp006,Sp014,0.093,-4250.354206,-4099.53403
"36,34",Sp006,Sp011,0.096,-4250.354181,-4099.53403
